"OwnId";"Landuse";"Field";"Plot";"OnFarm";"Irrigate";"Fertilised";"N_Natural";"Bottom";"PH";"PercClay";"PercSilt";"PercSand";"Class";"PercTotNitro";"PercSOC";"PercTotPhos";"BulkDensity";"Lat";"Long"
"1";"Farm NI";"1";"1";1;1;0;1;1;20;5.57;30.32;7.28;62.4;"sandy clay loam";0.2;3.24;0.162052117;0.877353449;-8.360675534;36.1155576
"2";"Farm NI";"1";"1";1;1;0;1;1;30;5.6;28.32;19.28;52.4;"sandy clay loam";0.2;3.017191977;0.25;1.077334146;-8.360675534;36.1155576
"3";"Farm NI";"1";"1";1;1;0;1;1;40;5.77;30.32;15.28;54.4;"sandy clay loam";0.15;1.62034384;0.364820847;1.192024677;-8.360675534;36.1155576
"4";"Farm NI";"1";"1";1;1;0;1;1;50;6.2;30.32;5.28;64.4;"sandy clay loam";0.12;0.50286533;0.33713355;1.346594909;-8.360675534;36.1155576
"5";"Farm NI";"1";"1";1;1;0;1;1;60;6.29;24.32;5.28;70.4;"sandy clay loam";0.08;0.40974212;0.188925081;1.255482889;-8.360675534;36.1155576
"6";"Farm NI";"1";"1";1;1;0;1;1;80;6.49;20.32;9.28;70.4;"sandy clay loam";0.08;0.689111748;0.11237785;1.300311167;-8.360675534;36.1155576
"7";"Farm NI";"1";"2";2;1;0;1;1;20;5.78;18.32;17.28;64.4;"sandy loam";0.14;2.145;0.096091205;1.012857109;-8.373850025;36.13076491
"8";"Farm NI";"1";"2";2;1;0;1;1;30;5.74;26.32;9.28;64.4;"sandy clay loam";0.13;1.404;0.183224756;1.004997606;-8.373850025;36.13076491
"9";"Farm NI";"1";"2";2;1;0;1;1;40;5.91;29.96;15.64;54.4;"sandy clay loam";0.14;1.092;0.214983713;1.038036629;-8.373850025;36.13076491
"10";"Farm NI";"1";"2";2;1;0;1;1;50;6.03;27.96;11.64;60.4;"sandy clay loam";0.1;0.126647564;0.048859935;1.21429327;-8.373850025;36.13076491
"11";"Farm NI";"1";"2";2;1;0;1;1;60;6.14;29.96;13.64;56.4;"sandy clay loam";0.07;0.376217765;0.232899023;1.325345141;-8.373850025;36.13076491
"12";"Farm NI";"1";"2";2;1;0;1;1;80;6.24;29.96;7.64;62.4;"sandy clay loam";0.05;0.163896848;0.029723127;1.532748702;-8.373850025;36.13076491
"13";"Farm NI";"1";"3";3;1;0;1;1;20;5.85;27.96;17.64;54.4;"sandy clay loam";0.18;2.897994269;0.175895765;1.044440669;-8.367445319;36.12465209
"14";"Farm NI";"1";"3";3;1;0;1;1;30;6.1;33.96;15.64;50.4;"sandy clay loam";0.12;3.394444444;0.076140065;1.201339644;-8.367445319;36.12465209
"15";"Farm NI";"1";"3";3;1;0;1;1;40;6.19;35.96;13.64;50.4;"sandy clay";0.09;0.875358166;0.08713355;1.227537988;-8.367445319;36.12465209
"16";"Farm NI";"1";"3";3;1;0;1;1;50;6.32;25.96;11.64;62.4;"sandy clay loam";0.11;0.480515759;0.035830619;1.326946151;-8.367445319;36.12465209
"17";"Farm NI";"1";"3";3;1;0;1;1;60;6.44;25.96;13.64;60.4;"sandy clay loam";0.11;0.126647564;0.042752443;1.327673883;-8.367445319;36.12465209
"18";"Farm NI";"1";"3";3;1;0;1;1;80;6.42;35.96;15.64;48.4;"sandy clay";0.14;0.756160458;0.04723127;1.297691333;-8.367445319;36.12465209
"19";"Farm NI";"1";"4";4;1;0;1;1;20;5.77;29.96;17.64;52.4;"sandy clay loam";0.28;3.128939828;0.177931596;1.034689063;-8.364071543;36.12162876
"20";"Farm NI";"1";"4";4;1;0;1;1;30;5.73;31.96;17.64;50.4;"sandy clay loam";0.39;1.720916905;0.061889251;1.065399345;-8.364071543;36.12162876
"21";"Farm NI";"1";"4";4;1;0;1;1;40;5.88;33.96;13.64;52.4;"sandy clay loam";0.12;0.983381089;0.089983713;1.199593087;-8.364071543;36.12162876
"22";"Farm NI";"1";"4";4;1;0;1;1;50;5.64;31.96;13.64;54.4;"sandy clay loam";0.21;0.845558739;0.116449511;1.270328618;-8.364071543;36.12162876
"23";"Farm NI";"1";"4";4;1;0;1;1;60;5.92;35.96;11.64;52.4;"sandy clay";0.16;0.927507163;0.127442997;1.355182145;-8.364071543;36.12162876
"24";"Farm NI";"1";"4";4;1;0;1;1;80;6.13;33.96;11.64;54.4;"sandy clay loam";0.11;0.50286533;0.066775244;1.360712906;-8.364071543;36.12162876
"25";"Farm NI";"1";"5";5;1;0;1;1;20;5.47;25.96;21.64;52.4;"sandy clay loam";0.22;3.028366762;0.187296417;0.848389724;-8.358800262;36.11608847
"26";"Farm NI";"1";"5";5;1;0;1;1;30;5.52;27.96;23.64;48.4;"sandy clay loam";0.19;2.864469914;0.133550489;0.807200105;-8.358800262;36.11608847
"27";"Farm NI";"1";"5";5;1;0;1;1;40;5.39;27.96;17.64;54.4;"sandy clay loam";0.14;1.661111111;0.128664495;0.794392025;-8.358800262;36.11608847
"28";"Farm NI";"1";"5";5;1;0;1;1;50;5.49;25.96;13.64;60.4;"sandy clay loam";0.11;0.54756447;0.069218241;0.982001281;-8.358800262;36.11608847
"29";"Farm NI";"1";"5";5;1;0;1;1;60;5.59;23.96;11.64;64.4;"sandy clay loam";0.15;0.789684814;0.078175896;0.948816711;-8.358800262;36.11608847
"30";"Farm NI";"1";"5";5;1;0;1;1;80;5.71;19.96;13.64;66.4;"sandy loam";0.07;0.599713467;0.112785016;1.077770785;-8.358800262;36.11608847
"31";"Farm I";"2";"6";1;1;1;1;1;20;5.88;25.96;21.64;52.4;"sandy clay loam";0.19;3.114040115;0.113192182;0.963225801;-8.35921348;36.11081489
"32";"Farm I";"2";"6";1;1;1;1;1;30;5.84;35.96;9.64;54.4;"sandy clay";0.15;2.451002865;0.342833876;1.151417243;-8.35921348;36.11081489
"33";"Farm I";"2";"6";1;1;1;1;1;40;5.99;37.96;7.64;54.4;"sandy clay";0.13;1.784240688;0.13232899;1.331021449;-8.35921348;36.11081489
"34";"Farm I";"2";"6";1;1;1;1;1;50;5.72;39.96;7.64;52.4;"sandy clay";0.11;1.057879656;0.074918567;1.324035224;-8.35921348;36.11081489
"35";"Farm I";"2";"6";1;1;1;1;1;60;5.73;37.96;11.64;50.4;"sandy clay";0.11;1.128653295;0.182410423;1.297836879;-8.35921348;36.11081489
"36";"Farm I";"2";"6";1;1;1;1;1;80;5.84;33.96;11.64;54.4;"sandy clay loam";0.11;1.318624642;0.103827362;1.289540737;-8.35921348;36.11081489
"37";"Farm I";"2";"7";2;1;1;1;1;20;5.98;29.96;17.64;52.4;"sandy clay loam";0.22;3.389684814;0.163273616;1.134679411;-8.359799399;36.11187194
"38";"Farm I";"2";"7";2;1;1;1;1;30;5.66;37.96;11.64;50.4;"sandy clay";0.15;2.413753582;0.127442997;1.225791432;-8.359799399;36.11187194
"39";"Farm I";"2";"7";2;1;1;1;1;40;5.47;33.96;15.64;50.4;"sandy clay loam";0.13;1.16217765;0.21742671;1.259703733;-8.359799399;36.11187194
"40";"Farm I";"2";"7";2;1;1;1;1;50;5.44;33.96;11.64;54.4;"sandy clay loam";0.08;1.132378223;0.049674267;1.216767558;-8.359799399;36.11187194
"41";"Farm I";"2";"7";2;1;1;1;1;60;5.61;29.96;13.64;56.4;"sandy clay loam";0.08;0.875358166;0.729641694;1.261741382;-8.359799399;36.11187194
"42";"Farm I";"2";"7";2;1;1;1;1;80;5.85;19.96;9.64;70.4;"sandy loam";0.06;0.50286533;0.298045603;1.306133022;-8.359799399;36.11187194
"43";"Farm I";"2";"8";3;1;1;1;1;20;5.16;31.96;17.64;50.4;"sandy clay loam";0.25;4.466189112;0.203583062;0.785950336;-8.34907244;36.11638674
"44";"Farm I";"2";"8";3;1;1;1;1;30;5.4;33.96;11.64;54.4;"sandy clay loam";0.16;1.959312321;0.169381107;0.917815337;-8.34907244;36.11638674
"45";"Farm I";"2";"8";3;1;1;1;1;40;5.57;31.96;11.64;56.4;"sandy clay loam";0.11;0.946131805;0.105863192;0.973705139;-8.34907244;36.11638674
"46";"Farm I";"2";"8";3;1;1;1;1;50;5.7;21.96;7.64;70.4;"sandy clay loam";0.07;0.573638968;0.155537459;1.10833552;-8.34907244;36.11638674
"47";"Farm I";"2";"8";3;1;1;1;1;60;5.85;17.96;7.64;74.4;"sandy loam";0.06;0.40974212;0.147801303;1.089414494;-8.34907244;36.11638674
"48";"Farm I";"2";"8";3;1;1;1;1;80;5.75;15.96;11.64;72.4;"sandy loam";0.05;1.936962751;0.095684039;1.227537988;-8.34907244;36.11638674
"49";"Farm I";"2";"9";4;1;1;1;1;20;5.38;60.64;4.88;34.48;"clay";0.24;4.432664756;0.294788274;0.824811214;-8.357803979;36.12070412
"50";"Farm I";"2";"9";4;1;1;1;1;30;5.58;38.68;18.92;42.4;"clay loam";0.22;3.218338109;0.262214984;0.856831413;-8.357803979;36.12070412
"51";"Farm I";"2";"9";4;1;1;1;1;40;5.59;40.68;24.92;34.4;"clay";0.17;1.981661891;0.216612378;0.878954459;-8.357803979;36.12070412
"52";"Farm I";"2";"9";4;1;1;1;1;50;5.72;42.68;16.92;40.4;"clay";0.15;1.516045845;0.209283388;0.94648797;-8.357803979;36.12070412
"53";"Farm I";"2";"9";4;1;1;1;1;60;5.92;38.68;18.92;42.4;"clay loam";0.09;0.815759312;0.111563518;1.187949379;-8.357803979;36.12070412
"54";"Farm I";"2";"9";4;1;1;1;1;80;5.93;40.68;16.92;42.4;"clay";0.11;0.555014327;0.258143322;1.396371764;-8.357803979;36.12070412
"55";"Farm I";"2";"10";5;1;1;1;1;20;5.4;28.68;20.92;50.4;"sandy clay loam";0.24;3.669054441;0.166123779;0.960314874;-8.359729834;36.11967396
"56";"Farm I";"2";"10";5;1;1;1;1;30;5.06;30.68;24.92;44.4;"clay loam";0.23;3.389684814;0.174267101;0.757568796;-8.359729834;36.11967396
"57";"Farm I";"2";"10";5;1;1;1;1;40;5.49;32.68;26.92;40.4;"clay loam";0.19;1.445272206;0.04723127;1.055647739;-8.359729834;36.11967396
"58";"Farm I";"2";"10";5;1;1;1;1;50;5.58;28.68;18.92;52.4;"sandy clay loam";0.15;0.733810888;0.058224756;1.082137176;-8.359729834;36.11967396
"59";"Farm I";"2";"10";5;1;1;1;1;60;5.87;26.68;14.92;58.4;"sandy clay loam";0.11;0.920057307;0.076547231;1.000485669;-8.359729834;36.11967396
"60";"Farm I";"2";"10";5;1;1;1;1;80;5.85;28.68;16.92;54.4;"sandy clay loam";0.11;0.975931232;0.076954397;1.067873633;-8.359729834;36.11967396
"61";"Offfarm NINF";"3";"11";1;0;0;0;1;20;5.74;26.16;18.56;55.28;"sandy clay loam";0.18;2.432378223;0.141286645;0.934553168;-8.345216352;36.15030551
"62";"Offfarm NINF";"3";"11";1;0;0;0;1;30;5.61;28.16;10.56;61.28;"sandy clay loam";0.16;1.552777778;0.161644951;0.851009559;-8.345216352;36.15030551
"63";"Offfarm NINF";"3";"11";1;0;0;0;1;40;5.47;24.16;8.56;67.28;"sandy clay loam";0.12;1.169627507;0.164495114;0.877790089;-8.345216352;36.15030551
"64";"Offfarm NINF";"3";"11";1;0;0;0;1;50;5.39;26.16;12.56;61.28;"sandy clay loam";0.12;1.467621777;0.153094463;0.804143631;-8.345216352;36.15030551
"65";"Offfarm NINF";"3";"11";1;0;0;0;1;60;5.58;16.16;6.56;77.28;"sandy loam";0.05;0.759885387;0.141286645;1.12594663;-8.345216352;36.15030551
"66";"Offfarm NINF";"3";"11";1;0;0;0;1;80;5.33;10.16;2.56;87.28;"loamy sand";0.11;0.383667622;0.124592834;1.095090802;-8.345216352;36.15030551
"67";"Offfarm NINF";"3";"12";2;0;0;0;1;20;5.69;20.16;14.56;65.28;"sandy clay loam";0.22;3.244412607;0.123371336;0.891762539;-8.342252172;36.15270371
"68";"Offfarm NINF";"3";"12";2;0;0;0;1;30;5.62;22.16;12.56;65.28;"sandy clay loam";0.14;1.359598854;0.054560261;1.059723037;-8.342252172;36.15270371
"69";"Offfarm NINF";"3";"12";2;0;0;0;1;40;5.68;20.16;8.56;71.28;"sandy clay loam";0.13;1.426647564;0.045602606;0.932369973;-8.342252172;36.15270371
"70";"Offfarm NINF";"3";"12";2;0;0;0;1;50;5.54;26.16;12.56;61.28;"sandy clay loam";0.14;1.773065903;0.113599349;1.138463617;-8.342252172;36.15270371
"71";"Offfarm NINF";"3";"12";2;0;0;0;1;60;5.59;22.16;8.56;69.28;"sandy clay loam";0.13;1.489971347;0.023208469;0.974287324;-8.342252172;36.15270371
"72";"Offfarm NINF";"3";"12";2;0;0;0;1;80;5.78;18.16;8.56;73.28;"sandy loam";0.1;1.444444444;0.013843648;1.103386944;-8.342252172;36.15270371
"73";"Offfarm NINF";"3";"13";3;0;0;0;1;20;5.62;20.16;22.56;57.28;"sandy clay loam";0.33;5.488888889;0.106677524;0.620609673;-8.342845711;36.10866759
"74";"Offfarm NINF";"3";"13";3;0;0;0;1;30;5.37;18.16;22.56;59.28;"sandy loam";0.3;4.600286533;0.060260586;0.675044011;-8.342845711;36.10866759
"75";"Offfarm NINF";"3";"13";3;0;0;0;1;40;5.51;22.16;20.56;57.28;"sandy clay loam";0.17;2.506504298;0.142915309;0.763681743;-8.342845711;36.10866759
"76";"Offfarm NINF";"3";"13";3;0;0;0;1;50;5.42;22.16;14.56;63.28;"sandy clay loam";0.16;1.040257809;0.074918567;1.029449394;-8.342845711;36.10866759
"77";"Offfarm NINF";"3";"13";3;0;0;0;1;60;5.62;18.16;14.56;67.28;"sandy loam";0.12;0.599405057;0.093241042;1.085193649;-8.342845711;36.10866759
"78";"Offfarm NINF";"3";"13";3;0;0;0;1;80;5.03;16.16;6.56;77.28;"sandy loam";0.07;0.305503223;0.07247557;1.062342871;-8.342845711;36.10866759
"79";"Offfarm NINF";"3";"14";4;0;0;0;1;20;5.78;28.16;12.56;59.28;"sandy clay loam";0.16;2.98;0.109120521;0.861197804;-8.409802434;36.14998936
"80";"Offfarm NINF";"3";"14";4;0;0;0;1;30;5.82;30.16;8.56;61.28;"sandy clay loam";0.13;1.42;0.052931596;1.104260222;-8.409802434;36.14998936
"81";"Offfarm NINF";"3";"14";4;0;0;0;1;40;5.95;24.16;6.56;69.28;"sandy clay loam";0.09;0.6;0.044788274;1.258684909;-8.409802434;36.14998936
"82";"Offfarm NINF";"3";"14";4;0;0;0;1;50;6.12;24.16;8.56;67.28;"sandy clay loam";0.06;0.529796728;0.048859935;1.202358468;-8.409802434;36.14998936
"83";"Offfarm NINF";"3";"14";4;0;0;0;1;60;6.33;18.16;6.56;75.28;"sandy loam";0.07;0.162419435;0.023208469;1.26465231;-8.409802434;36.14998936
"84";"Offfarm NINF";"3";"14";4;0;0;0;1;80;5.42;14.16;4.56;81.28;"sandy loam";0.05;0.397222222;0.026465798;1.469144943;-8.409802434;36.14998936
"85";"Offfarm NINF";"3";"15";5;0;0;0;1;20;5.69;30.16;18.56;51.28;"sandy clay loam";0.27;4.077272727;0.148208469;0.916068781;-8.412007894;36.14888447
"86";"Offfarm NINF";"3";"15";5;0;0;0;1;30;5.76;34.16;18.56;47.28;"sandy clay loam";0.21;2.747727273;0.113599349;1.004269874;-8.412007894;36.14888447
"87";"Offfarm NINF";"3";"15";5;0;0;0;1;40;5.82;38.16;16.56;45.28;"sandy clay";0.17;2.634272727;0.088355049;1.207598137;-8.412007894;36.14888447
"88";"Offfarm NINF";"3";"15";5;0;0;0;1;50;6.02;36.16;18.56;45.28;"sandy clay";0.11;1.868454545;0.06514658;1.318650009;-8.412007894;36.14888447
"89";"Offfarm NINF";"3";"15";5;0;0;0;1;60;6.17;40.16;14.56;45.28;"sandy clay";0.11;1.478454545;0.096905537;1.20468721;-8.412007894;36.14888447
"90";"Offfarm NINF";"3";"15";5;0;0;0;1;80;6.48;39.6;9.28;51.12;"sandy clay";0.07;1.162909091;0.168159609;1.332768005;-8.412007894;36.14888447
"91";"Natural";"4";"16";1;0;0;0;0;20;6.39;25.6;11.28;63.12;"sandy clay loam";0.12;3.226363636;0.199511401;0.933534344;-8.363657043;36.11187074
"92";"Natural";"4";"16";1;0;0;0;0;30;6.11;27.6;11.28;61.12;"sandy clay loam";0.16;2.967545455;0.149837134;0.978217076;-8.363657043;36.11187074
"93";"Natural";"4";"16";1;0;0;0;0;40;5.94;29.6;11.28;59.12;"sandy clay loam";0.13;1.95;0.122557003;1.043567391;-8.363657043;36.11187074
"94";"Natural";"4";"16";1;0;0;0;0;50;5.99;29.6;15.28;55.12;"sandy clay loam";0.13;2.074090909;0.107899023;1.172230372;-8.363657043;36.11187074
"95";"Natural";"4";"16";1;0;0;0;0;60;5.93;27.6;11.28;61.12;"sandy clay loam";0.11;1.542272727;0.080618893;1.172521465;-8.363657043;36.11187074
"96";"Natural";"4";"16";1;0;0;0;0;80;5.91;25.6;19.28;55.12;"sandy clay loam";0.09;1.045909091;0.081026059;1.193771233;-8.363657043;36.11187074
"97";"Natural";"4";"17";2;0;0;0;0;20;6.39;33.6;3.28;63.12;"sandy clay loam";0.22;1.680545455;0.109527687;1.080681712;-8.36411755;36.11307387
"98";"Natural";"4";"17";2;0;0;0;0;30;5.79;39.6;9.28;51.12;"sandy clay";0.15;1.737272727;0.079397394;1.179362143;-8.36411755;36.11307387
"99";"Natural";"4";"17";2;0;0;0;0;40;5.28;35.6;19.28;45.12;"sandy clay";0.11;1.723090909;0.118078176;1.207452591;-8.36411755;36.11307387
"100";"Natural";"4";"17";2;0;0;0;0;50;5.54;37.6;11.28;51.12;"sandy clay";0.11;1.577727273;0.119299674;0.918688615;-8.36411755;36.11307387
"101";"Natural";"4";"17";2;0;0;0;0;60;5.71;35.6;17.28;47.12;"sandy clay";0.1;1.347272727;0.056596091;1.171939279;-8.36411755;36.11307387
"102";"Natural";"4";"17";2;0;0;0;0;80;5.85;29.6;25.28;45.12;"sandy clay loam";0.1;1.092;0.05985342;1.207307044;-8.36411755;36.11307387
"103";"Natural";"4";"18";3;0;0;0;0;20;5.16;37.6;11.28;51.12;"sandy clay";0.25;3.190909091;0.063925081;0.837182654;-8.36246873;36.11368473
"104";"Natural";"4";"18";3;0;0;0;0;30;5.3;37.6;27.28;35.12;"clay loam";0.14;1.960636364;0.062296417;0.956094029;-8.36246873;36.11368473
"105";"Natural";"4";"18";3;0;0;0;0;40;5.53;47.6;21.28;31.12;"clay";0.13;1.772727273;0.070846906;1.099457193;-8.36246873;36.11368473
"106";"Natural";"4";"18";3;0;0;0;0;50;5.58;45.6;27.28;27.12;"clay";0.12;1.755;0.070439739;1.018970056;-8.36246873;36.11368473
"107";"Natural";"4";"18";3;0;0;0;0;60;5.52;47.6;25.28;27.12;"clay";0.12;1.428818182;0.064332248;1.065690437;-8.36246873;36.11368473
"108";"Natural";"4";"18";3;0;0;0;0;80;5.65;41.6;35.28;23.12;"clay";0.1;1.134545455;0.103013029;1.054046729;-8.36246873;36.11368473
"109";"Natural";"4";"19";4;0;0;0;0;20;5.72;39.6;31.28;29.12;"clay loam";0.17;2.304545455;0.100162866;0.996410371;-8.376467606;36.14288416
"110";"Natural";"4";"19";4;0;0;0;0;30;5.09;45.6;11.28;43.12;"clay";0.11;2.010272727;0.066368078;1.074132126;-8.376467606;36.14288416
"111";"Natural";"4";"19";4;0;0;0;0;40;5.2;45.6;15.28;39.12;"clay";0.14;3.013636364;0.085912052;1.184165173;-8.376467606;36.14288416
"112";"Natural";"4";"19";4;0;0;0;0;50;5.12;45.6;13.28;41.12;"clay";0.13;3.891136364;0.048452769;1.161751034;-8.376467606;36.14288416
"113";"Natural";"4";"19";4;0;0;0;0;60;5.19;49.6;9.28;41.12;"clay";0.11;1.659272727;0.0997557;1.298564611;-8.376467606;36.14288416
"114";"Natural";"4";"19";4;0;0;0;0;80;5.54;47.6;17.28;35.12;"clay";0.08;1.315363636;0.164495114;1.256792806;-8.376467606;36.14288416
"115";"Natural";"4";"20";5;0;0;0;0;20;5.88;45.6;15.28;39.12;"clay";0.19;2.304545455;0.129885993;1.119397044;-8.377435528;36.14430142
"116";"Natural";"4";"20";5;0;0;0;0;30;5.33;45.6;21.28;33.12;"clay";0.15;2.542090909;0.129071661;1.15592918;-8.377435528;36.14430142
"117";"Natural";"4";"20";5;0;0;0;0;40;5.42;51.6;19.28;29.12;"clay";0.11;1.875545455;0.036644951;1.27382173;-8.377435528;36.14430142
"118";"Natural";"4";"20";5;0;0;0;0;50;5.37;57.6;17.28;25.12;"clay";0.1;1.602545455;0.048452769;1.267126598;-8.377435528;36.14430142
"119";"Natural";"4";"20";5;0;0;0;0;60;5.39;55.6;17.28;27.12;"clay";0.09;1.081363636;0.060260586;1.077916332;-8.377435528;36.14430142
"120";"Natural";"4";"20";5;0;0;0;0;80;5.58;59.6;15.28;25.12;"clay";0.08;0.921818182;0.056188925;1.138463617;-8.377435528;36.14430142
"121";"Offfarm IF";"5";"21";1;0;1;1;1;20;5.4;27.32;9.28;63.4;"";0.11;1.72;0.04;1.69;-8.257929;36.180938
"122";"Offfarm IF";"5";"21";1;0;1;1;1;30;5.56;28.32;10.28;61.4;"";0.11;1.57;0.05;1.88;-8.257929;36.180938
"123";"Offfarm IF";"5";"21";1;0;1;1;1;40;5.6;27.32;10.28;62.4;"";0.08;1.07;0.02;1.99;-8.257929;36.180938
"124";"Offfarm IF";"5";"21";1;0;1;1;1;50;5.88;27.32;8.28;64.4;"";0.06;0.56;0.05;1.82;-8.257929;36.180938
"125";"Offfarm IF";"5";"21";1;0;1;1;1;60;5.99;26.32;9.28;64.4;"";0.03;0.38;0.12;1.83;-8.257929;36.180938
"126";"Offfarm IF";"5";"22";2;0;1;1;1;20;5.32;25.32;10.28;64.4;"";0.11;1.85;0.11;1.89;-8.256955;36.182161
"127";"Offfarm IF";"5";"22";2;0;1;1;1;30;5.37;21.32;8.28;70.4;"";0.1;1.33;0.27;1.72;-8.256955;36.182161
"128";"Offfarm IF";"5";"22";2;0;1;1;1;40;5.5;18.32;7.28;74.4;"";0.05;0.72;0.24;1.59;-8.256955;36.182161
"129";"Offfarm IF";"5";"22";2;0;1;1;1;50;5.42;19.32;10.28;70.4;"";0.06;0.87;0.34;1.94;-8.256955;36.182161
"130";"Offfarm IF";"5";"22";2;0;1;1;1;60;5.95;19.32;9.28;71.4;"";0.02;0.91;0.12;2;-8.256955;36.182161
"131";"Offfarm IF";"5";"23";3;0;1;1;1;20;5.47;28.32;14.28;57.4;"";0.14;0.31;0.24;1.62;-8.255524;36.182722
"132";"Offfarm IF";"5";"23";3;0;1;1;1;30;5.54;24.96;6.64;68.4;"";0.06;1.14;0.13;1.86;-8.255524;36.182722
"133";"Offfarm IF";"5";"23";3;0;1;1;1;40;5.51;23.96;8.64;67.4;"";0.06;0.8;0.02;1.82;-8.255524;36.182722
"134";"Offfarm IF";"5";"23";3;0;1;1;1;50;5.6;25.96;9.64;64.4;"";0.04;0.36;0.92;1.78;-8.255524;36.182722
"135";"Offfarm IF";"5";"23";3;0;1;1;1;60;5.81;23.96;11.64;64.4;"";0.03;0.26;0.08;1.79;-8.255524;36.182722
"136";"Offfarm IF";"5";"24";4;0;1;1;1;20;5.4;20.96;12.64;66.4;"";0.14;1.9;0.1;1.79;-8.254931;36.18107
"137";"Offfarm IF";"5";"24";4;0;1;1;1;30;5.71;19.96;8.64;71.4;"";0.06;1.7;0.1;1.86;-8.254931;36.18107
"138";"Offfarm IF";"5";"24";4;0;1;1;1;40;5.87;16.96;8.64;74.4;"";0.03;0.57;0.01;1.89;-8.254931;36.18107
"139";"Offfarm IF";"5";"24";4;0;1;1;1;50;6.07;16.96;6.64;76.4;"";0.02;0.23;0.02;1.8;-8.254931;36.18107
"140";"Offfarm IF";"5";"24";4;0;1;1;1;60;6.57;13.96;4.64;81.4;"";0.05;0.16;0.03;1.88;-8.254931;36.18107
"141";"Offfarm IF";"5";"25";5;0;1;1;1;20;5.53;29.96;15.64;54.4;"";0.14;2.04;0.05;1.68;-8.256709;36.179855
"142";"Offfarm IF";"5";"25";5;0;1;1;1;30;5.61;34.96;15.64;49.4;"";0.09;1.3;0.05;1.67;-8.256709;36.179855
"143";"Offfarm IF";"5";"25";5;0;1;1;1;40;5.94;26.96;9.64;63.4;"";0.05;0.86;0.11;1.71;-8.256709;36.179855
"144";"Offfarm IF";"5";"25";5;0;1;1;1;50;5.87;20.96;8.64;70.4;"";0.04;0.53;0.04;1.95;-8.256709;36.179855
"145";"Offfarm IF";"5";"25";5;0;1;1;1;60;5.82;21.96;5.64;72.4;"";0.02;0.35;0.14;1.88;-8.256709;36.179855
"146";"Offfarm INF";"6";"26";1;0;1;0;1;20;5.75;21.14;10.46;68.4;"";0.01;3.45;0.14;1.45;-8.235845;36.191134
"147";"Offfarm INF";"6";"26";1;0;1;0;1;30;5.77;22.14;10.46;67.4;"";0.08;1.11;0.1;1.54;-8.235845;36.191134
"148";"Offfarm INF";"6";"26";1;0;1;0;1;40;5.74;24.14;8.46;67.4;"";0.08;1.08;0.14;1.72;-8.235845;36.191134
"149";"Offfarm INF";"6";"26";1;0;1;0;1;50;5.73;24.14;6.46;69.4;"";0.06;0.66;0.08;1.76;-8.235845;36.191134
"150";"Offfarm INF";"6";"26";1;0;1;0;1;60;5.88;24.14;7.46;68.4;"";0.04;2.2;0.07;1.93;-8.235845;36.191134
"151";"Offfarm INF";"6";"27";2;0;1;0;1;20;6.01;22.14;7.46;70.4;"";0.14;1.69;0.06;1.57;-8.234446;36.191858
"152";"Offfarm INF";"6";"27";2;0;1;0;1;30;6.05;18.14;6.46;75.4;"";0.08;1.09;0.05;1.67;-8.234446;36.191858
"153";"Offfarm INF";"6";"27";2;0;1;0;1;40;6.17;16.14;5.46;78.4;"";0.1;0.77;0.23;1.51;-8.234446;36.191858
"154";"Offfarm INF";"6";"27";2;0;1;0;1;50;6.18;13.14;4.46;82.4;"";0.06;0.19;0.03;1.81;-8.234446;36.191858
"155";"Offfarm INF";"6";"27";2;0;1;0;1;60;6.16;13.14;4.46;82.4;"";0.04;0.4;0.05;1.91;-8.234446;36.191858
"156";"Offfarm INF";"6";"28";3;0;1;0;1;20;5.96;30.14;15.46;54.4;"";0.12;2.54;0.08;0.99;-8.236535;36.192848
"157";"Offfarm INF";"6";"28";3;0;1;0;1;30;6.99;32.14;6.46;61.4;"";0.11;1.76;0.1;1.27;-8.236535;36.192848
"158";"Offfarm INF";"6";"28";3;0;1;0;1;40;6.92;26.14;1.46;72.4;"";0.01;0.92;0.08;1.66;-8.236535;36.192848
"159";"Offfarm INF";"6";"28";3;0;1;0;1;50;6.25;19.14;4.46;76.4;"";0.05;0.49;0.1;1.7;-8.236535;36.192848
"160";"Offfarm INF";"6";"28";3;0;1;0;1;60;6.16;17.14;19.46;63.4;"";0.03;0.4;0.1;1.99;-8.236535;36.192848
"161";"Offfarm INF";"6";"29";4;0;1;0;1;20;6.06;26.14;7.46;66.4;"";0.13;1.57;0.06;1.27;-8.235201;36.195122
"162";"Offfarm INF";"6";"29";4;0;1;0;1;30;6.04;24.14;5.46;70.4;"";0.06;0.89;0.06;1.54;-8.235201;36.195122
"163";"Offfarm INF";"6";"29";4;0;1;0;1;40;6.15;20.14;5.46;74.4;"";0.06;0.42;0.07;1.59;-8.235201;36.195122
"164";"Offfarm INF";"6";"29";4;0;1;0;1;50;6.11;17.14;9.46;73.4;"";0.05;0.31;0.09;1.68;-8.235201;36.195122
"165";"Offfarm INF";"6";"29";4;0;1;0;1;60;6.06;18.14;10.46;71.4;"";0.06;0.32;0.06;1.76;-8.235201;36.195122
"166";"Offfarm INF";"6";"30";5;0;1;0;1;20;5.61;18.14;1.46;80.4;"";0.13;0.21;0.07;0.91;-8.23769;36.19437
"167";"Offfarm INF";"6";"30";5;0;1;0;1;30;5.6;15.14;8.46;76.4;"";0.1;1.27;0.09;1.6;-8.23769;36.19437
"168";"Offfarm INF";"6";"30";5;0;1;0;1;40;5.64;14.14;7.46;78.4;"";0.08;0.48;0.06;1.6;-8.23769;36.19437
"169";"Offfarm INF";"6";"30";5;0;1;0;1;50;5.7;15.14;4.46;80.4;"";0.08;0.49;0.07;1.6;-8.23769;36.19437
"170";"Offfarm INF";"6";"30";5;0;1;0;1;60;5.65;20.14;9.46;70.4;"";0.04;0.73;0.11;1.54;-8.23769;36.19437
"171";"Offfarm NIF";"7";"31";1;0;0;1;1;20;5.24;13.24;6.64;80.12;"";0.04;0.58;0.01;1.69;-8.23838;36.180763
"172";"Offfarm NIF";"7";"31";1;0;0;1;1;30;5.31;13.24;6.64;80.12;"";0.03;0.27;0.05;1.65;-8.23838;36.180763
"173";"Offfarm NIF";"7";"31";1;0;0;1;1;40;5.65;15.24;5.64;79.12;"";0.05;0.34;0.07;1.64;-8.23838;36.180763
"174";"Offfarm NIF";"7";"31";1;0;0;1;1;50;5.64;14.24;4.64;81.12;"";0.03;0.22;0.03;1.67;-8.23838;36.180763
"175";"Offfarm NIF";"7";"31";1;0;0;1;1;60;5.75;15.24;3.64;81.12;"";0.03;2.81;0.01;1.69;-8.23838;36.180763
"176";"Offfarm NIF";"7";"32";2;0;0;1;1;20;5.65;13.24;7.64;79.12;"";0.04;0.47;0.02;1.58;-8.237079;36.180637
"177";"Offfarm NIF";"7";"32";2;0;0;1;1;30;5.94;13.24;7.64;79.12;"";0.08;0.26;0.03;1.82;-8.237079;36.180637
"178";"Offfarm NIF";"7";"32";2;0;0;1;1;40;6.04;18.24;6.64;75.12;"";0.06;0.25;0.01;1.81;-8.237079;36.180637
"179";"Offfarm NIF";"7";"32";2;0;0;1;1;50;5.58;19.24;6.64;74.12;"";0.03;0.54;0.01;1.84;-8.237079;36.180637
"180";"Offfarm NIF";"7";"32";2;0;0;1;1;60;5.91;21.24;6.64;72.12;"";0.11;1.74;0.02;1.78;-8.237079;36.180637
"181";"Offfarm NIF";"7";"33";3;0;0;1;1;20;5.51;14.24;6.64;79.12;"";0.06;0.73;0.06;1.48;-8.240572;36.180981
"182";"Offfarm NIF";"7";"33";3;0;0;1;1;30;5.57;16.24;5.64;78.12;"";0.06;0.56;0.05;1.71;-8.240572;36.180981
"183";"Offfarm NIF";"7";"33";3;0;0;1;1;40;5.7;16.24;4.64;79.12;"";0.03;2.2;0.03;1.66;-8.240572;36.180981
"184";"Offfarm NIF";"7";"33";3;0;0;1;1;50;5.73;17.24;4.64;78.12;"";0.03;0.19;0.03;1.63;-8.240572;36.180981
"185";"Offfarm NIF";"7";"33";3;0;0;1;1;60;5.81;13.24;7.64;79.12;"";0.08;0.12;0.03;1.76;-8.240572;36.180981
"186";"Offfarm NIF";"7";"34";4;0;0;1;1;20;5.25;12.24;7.64;80.12;"";0.08;0.95;0.03;1.58;-8.24463;36.181071
"187";"Offfarm NIF";"7";"34";4;0;0;1;1;30;5.61;11.24;7.64;81.12;"";0.04;0.53;0.04;1.75;-8.24463;36.181071
"188";"Offfarm NIF";"7";"34";4;0;0;1;1;40;5.9;11.24;7.64;81.12;"";0.08;0.27;0.03;1.82;-8.24463;36.181071
"189";"Offfarm NIF";"7";"34";4;0;0;1;1;50;5.6;15.24;3.64;81.12;"";0.04;0.3;0.02;1.82;-8.24463;36.181071
"190";"Offfarm NIF";"7";"34";4;0;0;1;1;60;5.39;18.24;1.64;80.12;"";0.03;0.15;0.01;1.83;-8.24463;36.181071
"191";"Offfarm NIF";"7";"35";5;0;0;1;1;20;5.34;16.24;9.64;74.12;"";0.11;1.13;0.04;1.42;-8.244477;36.178713
"192";"Offfarm NIF";"7";"35";5;0;0;1;1;30;5.5;18.24;9.64;72.12;"";0.08;0.95;0.09;1.56;-8.244477;36.178713
"193";"Offfarm NIF";"7";"35";5;0;0;1;1;40;5.88;17.24;9.64;73.12;"";0.09;0.47;0.05;1.87;-8.244477;36.178713
"194";"Offfarm NIF";"7";"35";5;0;0;1;1;50;6.13;19.24;9.64;71.12;"";0.06;0.12;0.06;1.86;-8.244477;36.178713
"195";"Offfarm NIF";"7";"35";5;0;0;1;1;60;5.92;24.32;9.28;66.4;"";0.07;0.29;0.05;1.8;-8.244477;36.178713
"196";"Offfarm NINF";"3";"36";1;0;0;0;1;20;5.57;26.32;15.28;58.4;"";0.15;3.28;0.11;1.28;-8.232674;36.187985
"197";"Offfarm NINF";"3";"36";1;0;0;0;1;30;5.54;22.32;11.28;66.4;"";0.12;0.48;0.08;1.66;-8.232674;36.187985
"198";"Offfarm NINF";"3";"36";1;0;0;0;1;40;5.7;18.32;5.28;76.4;"";0.07;0.1;0.14;1.59;-8.232674;36.187985
"199";"Offfarm NINF";"3";"36";1;0;0;0;1;50;5.67;14.32;5.28;80.4;"";0.04;0.25;0.16;1.68;-8.232674;36.187985
"200";"Offfarm NINF";"3";"36";1;0;0;0;1;60;6.11;12.32;5.28;82.4;"";0.06;0.24;0.08;1.56;-8.232674;36.187985
"201";"Offfarm NINF";"3";"37";2;0;0;0;1;20;5.45;20.32;13.28;66.4;"";0.11;1.06;0.04;1.62;-8.234193;36.187263
"202";"Offfarm NINF";"3";"37";2;0;0;0;1;30;5.16;19.32;12.28;68.4;"";0.08;1.04;0.03;1.71;-8.234193;36.187263
"203";"Offfarm NINF";"3";"37";2;0;0;0;1;40;5.17;23.04;5.28;71.68;"";0.06;1.12;0.03;1.75;-8.234193;36.187263
"204";"Offfarm NINF";"3";"37";2;0;0;0;1;50;5.5;22.04;7.28;70.68;"";0.06;1.62;0.02;1.83;-8.234193;36.187263
"205";"Offfarm NINF";"3";"37";2;0;0;0;1;60;5.14;22.04;5.28;72.68;"";0.06;0.3;0.16;2.06;-8.234193;36.187263
"206";"Offfarm NINF";"3";"38";3;0;0;0;1;20;5.68;13.04;3.28;83.68;"";0.09;0.84;0.06;1.71;-8.234177;36.18935
"207";"Offfarm NINF";"3";"38";3;0;0;0;1;30;4.84;22.04;8.28;69.68;"";0.06;0.58;0.06;1.69;-8.234177;36.18935
"208";"Offfarm NINF";"3";"38";3;0;0;0;1;40;5.45;13.04;3.28;83.68;"";0.03;0.15;0.06;1.77;-8.234177;36.18935
"209";"Offfarm NINF";"3";"38";3;0;0;0;1;50;5.67;11.04;4.28;84.68;"";0.02;0.01;0.02;1.84;-8.234177;36.18935
"210";"Offfarm NINF";"3";"38";3;0;0;0;1;60;5.83;11.04;1.28;87.68;"";0.03;0.02;0.06;2.01;-8.234177;36.18935
"211";"Offfarm NINF";"3";"39";4;0;0;0;1;20;5.13;13.04;4.28;82.68;"";0.1;1.13;0.07;1.01;-8.238723;36.190494
"212";"Offfarm NINF";"3";"39";4;0;0;0;1;30;5.43;10.04;3.28;86.68;"";0.04;0.38;0.08;1.19;-8.238723;36.190494
"213";"Offfarm NINF";"3";"39";4;0;0;0;1;40;5.43;9.04;5.28;85.68;"";0.02;0.12;0.08;1.09;-8.238723;36.190494
"214";"Offfarm NINF";"3";"39";4;0;0;0;1;50;5.66;9.04;4.28;86.68;"";0.02;0.24;0.04;1.62;-8.238723;36.190494
"215";"Offfarm NINF";"3";"39";4;0;0;0;1;60;5.57;10.04;2.28;87.68;"";0.02;0.2;0.1;1.77;-8.238723;36.190494
"216";"Offfarm NINF";"3";"40";5;0;0;0;1;20;5.15;9.04;17.28;73.68;"";0.03;0.68;0.11;1.25;-8.240519;36.191384
"217";"Offfarm NINF";"3";"40";5;0;0;0;1;30;5.15;22.04;10.28;67.68;"";0.09;0.78;0.02;1.21;-8.240519;36.191384
"218";"Offfarm NINF";"3";"40";5;0;0;0;1;40;5.48;21.04;7.28;71.68;"";0.06;0.16;0.04;1.46;-8.240519;36.191384
"219";"Offfarm NINF";"3";"40";5;0;0;0;1;50;5.41;28.04;10.28;61.68;"";0.06;0.35;0.03;1.53;-8.240519;36.191384
"220";"Offfarm NINF";"3";"40";5;0;0;0;1;60;5.95;26.04;4.28;69.68;"";0.06;0.27;0.09;1.76;-8.240519;36.191384
